[{"model": "auth.permission", "pk": 1, "fields": {"name": "Can add log entry", "content_type": 1, "codename": "add_logentry"}}, {"model": "auth.permission", "pk": 2, "fields": {"name": "Can change log entry", "content_type": 1, "codename": "change_logentry"}}, {"model": "auth.permission", "pk": 3, "fields": {"name": "Can delete log entry", "content_type": 1, "codename": "delete_logentry"}}, {"model": "auth.permission", "pk": 4, "fields": {"name": "Can view log entry", "content_type": 1, "codename": "view_logentry"}}, {"model": "auth.permission", "pk": 5, "fields": {"name": "Can add permission", "content_type": 2, "codename": "add_permission"}}, {"model": "auth.permission", "pk": 6, "fields": {"name": "Can change permission", "content_type": 2, "codename": "change_permission"}}, {"model": "auth.permission", "pk": 7, "fields": {"name": "Can delete permission", "content_type": 2, "codename": "delete_permission"}}, {"model": "auth.permission", "pk": 8, "fields": {"name": "Can view permission", "content_type": 2, "codename": "view_permission"}}, {"model": "auth.permission", "pk": 9, "fields": {"name": "Can add group", "content_type": 3, "codename": "add_group"}}, {"model": "auth.permission", "pk": 10, "fields": {"name": "Can change group", "content_type": 3, "codename": "change_group"}}, {"model": "auth.permission", "pk": 11, "fields": {"name": "Can delete group", "content_type": 3, "codename": "delete_group"}}, {"model": "auth.permission", "pk": 12, "fields": {"name": "Can view group", "content_type": 3, "codename": "view_group"}}, {"model": "auth.permission", "pk": 13, "fields": {"name": "Can add content type", "content_type": 4, "codename": "add_contenttype"}}, {"model": "auth.permission", "pk": 14, "fields": {"name": "Can change content type", "content_type": 4, "codename": "change_contenttype"}}, {"model": "auth.permission", "pk": 15, "fields": {"name": "Can delete content type", "content_type": 4, "codename": "delete_contenttype"}}, {"model": "auth.permission", "pk": 16, "fields": {"name": "Can view content type", "content_type": 4, "codename": "view_contenttype"}}, {"model": "auth.permission", "pk": 17, "fields": {"name": "Can add session", "content_type": 5, "codename": "add_session"}}, {"model": "auth.permission", "pk": 18, "fields": {"name": "Can change session", "content_type": 5, "codename": "change_session"}}, {"model": "auth.permission", "pk": 19, "fields": {"name": "Can delete session", "content_type": 5, "codename": "delete_session"}}, {"model": "auth.permission", "pk": 20, "fields": {"name": "Can view session", "content_type": 5, "codename": "view_session"}}, {"model": "auth.permission", "pk": 21, "fields": {"name": "Can add user", "content_type": 6, "codename": "add_customuser"}}, {"model": "auth.permission", "pk": 22, "fields": {"name": "Can change user", "content_type": 6, "codename": "change_customuser"}}, {"model": "auth.permission", "pk": 23, "fields": {"name": "Can delete user", "content_type": 6, "codename": "delete_customuser"}}, {"model": "auth.permission", "pk": 24, "fields": {"name": "Can view user", "content_type": 6, "codename": "view_customuser"}}, {"model": "auth.permission", "pk": 25, "fields": {"name": "Can add company", "content_type": 7, "codename": "add_company"}}, {"model": "auth.permission", "pk": 26, "fields": {"name": "Can change company", "content_type": 7, "codename": "change_company"}}, {"model": "auth.permission", "pk": 27, "fields": {"name": "Can delete company", "content_type": 7, "codename": "delete_company"}}, {"model": "auth.permission", "pk": 28, "fields": {"name": "Can view company", "content_type": 7, "codename": "view_company"}}, {"model": "auth.permission", "pk": 29, "fields": {"name": "Can add simple vacancy", "content_type": 8, "codename": "add_simplevacancy"}}, {"model": "auth.permission", "pk": 30, "fields": {"name": "Can change simple vacancy", "content_type": 8, "codename": "change_simplevacancy"}}, {"model": "auth.permission", "pk": 31, "fields": {"name": "Can delete simple vacancy", "content_type": 8, "codename": "delete_simplevacancy"}}, {"model": "auth.permission", "pk": 32, "fields": {"name": "Can view simple vacancy", "content_type": 8, "codename": "view_simplevacancy"}}, {"model": "auth.permission", "pk": 33, "fields": {"name": "Can add vacancy", "content_type": 9, "codename": "add_vacancy"}}, {"model": "auth.permission", "pk": 34, "fields": {"name": "Can change vacancy", "content_type": 9, "codename": "change_vacancy"}}, {"model": "auth.permission", "pk": 35, "fields": {"name": "Can delete vacancy", "content_type": 9, "codename": "delete_vacancy"}}, {"model": "auth.permission", "pk": 36, "fields": {"name": "Can view vacancy", "content_type": 9, "codename": "view_vacancy"}}, {"model": "auth.permission", "pk": 37, "fields": {"name": "Can add requirement", "content_type": 10, "codename": "add_requirement"}}, {"model": "auth.permission", "pk": 38, "fields": {"name": "Can change requirement", "content_type": 10, "codename": "change_requirement"}}, {"model": "auth.permission", "pk": 39, "fields": {"name": "Can delete requirement", "content_type": 10, "codename": "delete_requirement"}}, {"model": "auth.permission", "pk": 40, "fields": {"name": "Can view requirement", "content_type": 10, "codename": "view_requirement"}}, {"model": "auth.permission", "pk": 41, "fields": {"name": "Can add field", "content_type": 11, "codename": "add_field"}}, {"model": "auth.permission", "pk": 42, "fields": {"name": "Can change field", "content_type": 11, "codename": "change_field"}}, {"model": "auth.permission", "pk": 43, "fields": {"name": "Can delete field", "content_type": 11, "codename": "delete_field"}}, {"model": "auth.permission", "pk": 44, "fields": {"name": "Can view field", "content_type": 11, "codename": "view_field"}}, {"model": "auth.permission", "pk": 45, "fields": {"name": "Can add position", "content_type": 12, "codename": "add_position"}}, {"model": "auth.permission", "pk": 46, "fields": {"name": "Can change position", "content_type": 12, "codename": "change_position"}}, {"model": "auth.permission", "pk": 47, "fields": {"name": "Can delete position", "content_type": 12, "codename": "delete_position"}}, {"model": "auth.permission", "pk": 48, "fields": {"name": "Can view position", "content_type": 12, "codename": "view_position"}}, {"model": "auth.permission", "pk": 49, "fields": {"name": "Can add tag", "content_type": 13, "codename": "add_tag"}}, {"model": "auth.permission", "pk": 50, "fields": {"name": "Can change tag", "content_type": 13, "codename": "change_tag"}}, {"model": "auth.permission", "pk": 51, "fields": {"name": "Can delete tag", "content_type": 13, "codename": "delete_tag"}}, {"model": "auth.permission", "pk": 52, "fields": {"name": "Can view tag", "content_type": 13, "codename": "view_tag"}}, {"model": "auth.permission", "pk": 53, "fields": {"name": "Can add Token", "content_type": 14, "codename": "add_token"}}, {"model": "auth.permission", "pk": 54, "fields": {"name": "Can change Token", "content_type": 14, "codename": "change_token"}}, {"model": "auth.permission", "pk": 55, "fields": {"name": "Can delete Token", "content_type": 14, "codename": "delete_token"}}, {"model": "auth.permission", "pk": 56, "fields": {"name": "Can view Token", "content_type": 14, "codename": "view_token"}}, {"model": "auth.permission", "pk": 57, "fields": {"name": "Can add token", "content_type": 15, "codename": "add_tokenproxy"}}, {"model": "auth.permission", "pk": 58, "fields": {"name": "Can change token", "content_type": 15, "codename": "change_tokenproxy"}}, {"model": "auth.permission", "pk": 59, "fields": {"name": "Can delete token", "content_type": 15, "codename": "delete_tokenproxy"}}, {"model": "auth.permission", "pk": 60, "fields": {"name": "Can view token", "content_type": 15, "codename": "view_tokenproxy"}}, {"model": "auth.permission", "pk": 61, "fields": {"name": "Can add site", "content_type": 16, "codename": "add_site"}}, {"model": "auth.permission", "pk": 62, "fields": {"name": "Can change site", "content_type": 16, "codename": "change_site"}}, {"model": "auth.permission", "pk": 63, "fields": {"name": "Can delete site", "content_type": 16, "codename": "delete_site"}}, {"model": "auth.permission", "pk": 64, "fields": {"name": "Can view site", "content_type": 16, "codename": "view_site"}}, {"model": "auth.permission", "pk": 65, "fields": {"name": "Can add email address", "content_type": 17, "codename": "add_emailaddress"}}, {"model": "auth.permission", "pk": 66, "fields": {"name": "Can change email address", "content_type": 17, "codename": "change_emailaddress"}}, {"model": "auth.permission", "pk": 67, "fields": {"name": "Can delete email address", "content_type": 17, "codename": "delete_emailaddress"}}, {"model": "auth.permission", "pk": 68, "fields": {"name": "Can view email address", "content_type": 17, "codename": "view_emailaddress"}}, {"model": "auth.permission", "pk": 69, "fields": {"name": "Can add email confirmation", "content_type": 18, "codename": "add_emailconfirmation"}}, {"model": "auth.permission", "pk": 70, "fields": {"name": "Can change email confirmation", "content_type": 18, "codename": "change_emailconfirmation"}}, {"model": "auth.permission", "pk": 71, "fields": {"name": "Can delete email confirmation", "content_type": 18, "codename": "delete_emailconfirmation"}}, {"model": "auth.permission", "pk": 72, "fields": {"name": "Can view email confirmation", "content_type": 18, "codename": "view_emailconfirmation"}}, {"model": "auth.permission", "pk": 73, "fields": {"name": "Can add social account", "content_type": 19, "codename": "add_socialaccount"}}, {"model": "auth.permission", "pk": 74, "fields": {"name": "Can change social account", "content_type": 19, "codename": "change_socialaccount"}}, {"model": "auth.permission", "pk": 75, "fields": {"name": "Can delete social account", "content_type": 19, "codename": "delete_socialaccount"}}, {"model": "auth.permission", "pk": 76, "fields": {"name": "Can view social account", "content_type": 19, "codename": "view_socialaccount"}}, {"model": "auth.permission", "pk": 77, "fields": {"name": "Can add social application", "content_type": 20, "codename": "add_socialapp"}}, {"model": "auth.permission", "pk": 78, "fields": {"name": "Can change social application", "content_type": 20, "codename": "change_socialapp"}}, {"model": "auth.permission", "pk": 79, "fields": {"name": "Can delete social application", "content_type": 20, "codename": "delete_socialapp"}}, {"model": "auth.permission", "pk": 80, "fields": {"name": "Can view social application", "content_type": 20, "codename": "view_socialapp"}}, {"model": "auth.permission", "pk": 81, "fields": {"name": "Can add social application token", "content_type": 21, "codename": "add_socialtoken"}}, {"model": "auth.permission", "pk": 82, "fields": {"name": "Can change social application token", "content_type": 21, "codename": "change_socialtoken"}}, {"model": "auth.permission", "pk": 83, "fields": {"name": "Can delete social application token", "content_type": 21, "codename": "delete_socialtoken"}}, {"model": "auth.permission", "pk": 84, "fields": {"name": "Can view social application token", "content_type": 21, "codename": "view_socialtoken"}}, {"model": "auth.permission", "pk": 85, "fields": {"name": "Can add skill", "content_type": 22, "codename": "add_skill"}}, {"model": "auth.permission", "pk": 86, "fields": {"name": "Can change skill", "content_type": 22, "codename": "change_skill"}}, {"model": "auth.permission", "pk": 87, "fields": {"name": "Can delete skill", "content_type": 22, "codename": "delete_skill"}}, {"model": "auth.permission", "pk": 88, "fields": {"name": "Can view skill", "content_type": 22, "codename": "view_skill"}}, {"model": "auth.permission", "pk": 89, "fields": {"name": "Can add responsibility", "content_type": 23, "codename": "add_responsibility"}}, {"model": "auth.permission", "pk": 90, "fields": {"name": "Can change responsibility", "content_type": 23, "codename": "change_responsibility"}}, {"model": "auth.permission", "pk": 91, "fields": {"name": "Can delete responsibility", "content_type": 23, "codename": "delete_responsibility"}}, {"model": "auth.permission", "pk": 92, "fields": {"name": "Can view responsibility", "content_type": 23, "codename": "view_responsibility"}}, {"model": "auth.permission", "pk": 93, "fields": {"name": "Can add responsability", "content_type": 23, "codename": "add_responsability"}}, {"model": "auth.permission", "pk": 94, "fields": {"name": "Can change responsability", "content_type": 23, "codename": "change_responsability"}}, {"model": "auth.permission", "pk": 95, "fields": {"name": "Can delete responsability", "content_type": 23, "codename": "delete_responsability"}}, {"model": "auth.permission", "pk": 96, "fields": {"name": "Can view responsability", "content_type": 23, "codename": "view_responsability"}}, {"model": "contenttypes.contenttype", "pk": 1, "fields": {"app_label": "admin", "model": "logentry"}}, {"model": "contenttypes.contenttype", "pk": 2, "fields": {"app_label": "auth", "model": "permission"}}, {"model": "contenttypes.contenttype", "pk": 3, "fields": {"app_label": "auth", "model": "group"}}, {"model": "contenttypes.contenttype", "pk": 4, "fields": {"app_label": "contenttypes", "model": "contenttype"}}, {"model": "contenttypes.contenttype", "pk": 5, "fields": {"app_label": "sessions", "model": "session"}}, {"model": "contenttypes.contenttype", "pk": 6, "fields": {"app_label": "users", "model": "customuser"}}, {"model": "contenttypes.contenttype", "pk": 7, "fields": {"app_label": "companies", "model": "company"}}, {"model": "contenttypes.contenttype", "pk": 8, "fields": {"app_label": "vacancies", "model": "simplevacancy"}}, {"model": "contenttypes.contenttype", "pk": 9, "fields": {"app_label": "vacancies", "model": "vacancy"}}, {"model": "contenttypes.contenttype", "pk": 10, "fields": {"app_label": "vacancies", "model": "requirement"}}, {"model": "contenttypes.contenttype", "pk": 11, "fields": {"app_label": "vacancies", "model": "field"}}, {"model": "contenttypes.contenttype", "pk": 12, "fields": {"app_label": "vacancies", "model": "position"}}, {"model": "contenttypes.contenttype", "pk": 13, "fields": {"app_label": "vacancies", "model": "tag"}}, {"model": "contenttypes.contenttype", "pk": 14, "fields": {"app_label": "authtoken", "model": "token"}}, {"model": "contenttypes.contenttype", "pk": 15, "fields": {"app_label": "authtoken", "model": "tokenproxy"}}, {"model": "contenttypes.contenttype", "pk": 16, "fields": {"app_label": "sites", "model": "site"}}, {"model": "contenttypes.contenttype", "pk": 17, "fields": {"app_label": "account", "model": "emailaddress"}}, {"model": "contenttypes.contenttype", "pk": 18, "fields": {"app_label": "account", "model": "emailconfirmation"}}, {"model": "contenttypes.contenttype", "pk": 19, "fields": {"app_label": "socialaccount", "model": "socialaccount"}}, {"model": "contenttypes.contenttype", "pk": 20, "fields": {"app_label": "socialaccount", "model": "socialapp"}}, {"model": "contenttypes.contenttype", "pk": 21, "fields": {"app_label": "socialaccount", "model": "socialtoken"}}, {"model": "contenttypes.contenttype", "pk": 22, "fields": {"app_label": "vacancies", "model": "skill"}}, {"model": "contenttypes.contenttype", "pk": 23, "fields": {"app_label": "vacancies", "model": "responsability"}}, {"model": "sessions.session", "pk": "8pqddaxocu0iqznno4de3hmgikyq2zja", "fields": {"session_data": ".eJxVjE0OwiAYBe_C2hCIguDSvWcg369UDU1Ku2q8uzbpQrdvZt5qCixzLUuXqQxsLsabw--GQE9pG-AHtPtoaWzzNKDdFLvTbm8jy-u6u38HFXr91uABA-UsqBQ5K7mgRKgOweUkGiJ5f0ISRDpyOGPKmTgqpuQ8M5n3BziOOhU:1lZyfn:7Xa_KZFJFrohbIPook3-Pnt-J67s_Ij05ubAmGoHO-s", "expire_date": "2021-05-07T16:28:55.331Z"}}, {"model": "users.customuser", "pk": 1, "fields": {"password": "pbkdf2_sha256$216000$60B2dWQY1rq8$0XK2R2+pBd8YNHZw+Mi3IRT0m/g2USNeokz2qKC7AQQ=", "last_login": "2021-04-23T16:28:55.325Z", "is_superuser": true, "username": "andre", "first_name": "", "last_name": "", "email": "andre@example.com", "class_year": "", "is_staff": true, "is_active": true, "date_joined": "2021-04-22T19:41:27.407Z", "groups": [], "user_permissions": []}}, {"model": "companies.company", "pk": 1, "fields": {"name": "Facebook", "logo": "companies/logos/company-object-none2c0494ff-85bc-4dc6-9d04-a7e36a5f8e12.png"}}, {"model": "companies.company", "pk": 2, "fields": {"name": "Pixar", "logo": "companies/logos/company-object-noned6e22ef3-c49a-42dc-856f-b1257b589d7d.png"}}, {"model": "companies.company", "pk": 3, "fields": {"name": "Google", "logo": "companies/logos/company-object-none1fb63dd5-0ab5-44d3-8820-3a81d9a53383.png"}}, {"model": "vacancies.vacancy", "pk": 1, "fields": {"name": "Software Engineer Intern - Facebook", "company": 1, "field": 1, "position": 1, "pay": 6500, "description": "Want to build new features and products that touch more than a billion people around the world? Want to build new features that improve existing products like Photos, Groups, NewsFeed, Search, and Messaging? Want to solve unique, large-scale, highly complex technical problems?\r\n\r\nOur development cycle is extremely fast, and we've built tools to keep it that way. It's common to write code and have it running live on the site hours later. If you work for us you will make an impact, immediately.\r\n\r\nFacebook is seeking interns/co-ops to join our engineering team. As a Software Engineer Intern, you'll drive the development of systems behind Facebook's products, create web applications that reach millions of people, build high volume servers and be a part of a team that’s working to help connect people around the globe.\r\n\r\nThis internship/co-op has a minimum twelve (12) week duration.", "expiration_date": "2021-05-01", "image": "", "attachment": "", "link": "https://www.facebook.com/careers/v2/jobs/1716969328451048/", "tags": [1]}}, {"model": "vacancies.vacancy", "pk": 2, "fields": {"name": "Senior Software Engineer - Pixar", "company": 2, "field": 1, "position": 2, "pay": 6000, "description": "Pixar's Software R&D Team develops our suite of in-house movie production software used to build and animate our characters. We are seeking an highly-skilled simulation software engineer to join our team, which develops and maintains our tools to simulate character effects (cloth, hair/fur, flesh, skin).\r\n\r\nIn this role, you will be responsible for balancing short-term production requests with the long-term health and development of our simulation pipeline. You should be comfortable working in a large codebase and in addition to maintaining its stability, seek opportunities to improve it!\r\n\r\nThis position requires the ability to communicate effectively with artists on a spectrum of technical experience, as well as coordinate with project management and engineers from other Pixar Software R&D teams.", "expiration_date": "2021-05-08", "image": "", "attachment": "", "link": "https://pixar.wd5.myworkdayjobs.com/en-US/Pixar_External_Career_Site/job/Emeryville/Software-Engineer--Characters---Crowds_R-02526-1", "tags": [1, 2]}}, {"model": "vacancies.requirement", "pk": 1, "fields": {"name": "1 or more years of experience with Perl, Java, Php, Python, or C++", "vancancy": 1}}, {"model": "vacancies.requirement", "pk": 2, "fields": {"name": "Must be currently enrolled in a full-time, degree-seeking program and in the process of obtaining a Bachelors or Masters degree in Computer Science or a related field", "vancancy": 1}}, {"model": "vacancies.requirement", "pk": 3, "fields": {"name": "Demonstrated software engineering experience from previous internship, work experience, coding competitions, or publications", "vancancy": 1}}, {"model": "vacancies.requirement", "pk": 4, "fields": {"name": "Intent to return to degree-program after the completion of the internship/co-op", "vancancy": 1}}, {"model": "vacancies.requirement", "pk": 5, "fields": {"name": "High levels of creativity and quick problem-solving capabilities", "vancancy": 1}}, {"model": "vacancies.requirement", "pk": 7, "fields": {"name": "Master's Degree or PhD in Computer Science or equivalent experience", "vancancy": 2}}, {"model": "vacancies.requirement", "pk": 8, "fields": {"name": "Strong C++ skills with at least 5 years of professional experience", "vancancy": 2}}, {"model": "vacancies.requirement", "pk": 9, "fields": {"name": "Expertise in 3D math and computer graphics", "vancancy": 2}}, {"model": "vacancies.requirement", "pk": 10, "fields": {"name": "Expertise in numerical techniques and algorithms used by character effects simulation (i.e., cloth, hair, rigid bodies) and experience developing such simulators", "vancancy": 2}}, {"model": "vacancies.requirement", "pk": 11, "fields": {"name": "Solid understanding of practical software performance concerns", "vancancy": 2}}, {"model": "vacancies.requirement", "pk": 12, "fields": {"name": "Excellent debugging and problem-solving skills with high attention to detail", "vancancy": 2}}, {"model": "vacancies.requirement", "pk": 13, "fields": {"name": "Appreciation for the importance of long-term code health, peer review, automated testing, and documentation", "vancancy": 2}}, {"model": "vacancies.requirement", "pk": 14, "fields": {"name": "Ability to balance rapid delivery of critical solutions with long-term product quality", "vancancy": 2}}, {"model": "vacancies.requirement", "pk": 15, "fields": {"name": "Experience developing in a UNIX / Linux environment", "vancancy": 2}}, {"model": "vacancies.requirement", "pk": 16, "fields": {"name": "Experience with parallel computing", "vancancy": 2}}, {"model": "vacancies.requirement", "pk": 17, "fields": {"name": "Familiarity with Python and/or Maya MEL as a scripting language", "vancancy": 2}}, {"model": "vacancies.requirement", "pk": 18, "fields": {"name": "Knowledge of 3D content applications and their APIs (e.g. Maya, Houdini)", "vancancy": 2}}, {"model": "vacancies.requirement", "pk": 19, "fields": {"name": "Experience working closely with artists", "vancancy": 2}}, {"model": "vacancies.requirement", "pk": 20, "fields": {"name": "Detail oriented and organized with excellent communication skills", "vancancy": 2}}, {"model": "vacancies.requirement", "pk": 21, "fields": {"name": "Experience with performance tuning (Profiling tools, SIMD, cache efficiency, etc.)", "vancancy": 2}}, {"model": "vacancies.requirement", "pk": 22, "fields": {"name": "Ability to build positive and effective working relationships with diverse groups of colleagues and coworkers", "vancancy": 2}}, {"model": "vacancies.tag", "pk": 1, "fields": {"name": "Software Engineering"}}, {"model": "vacancies.tag", "pk": 2, "fields": {"name": "Computer Graphics"}}, {"model": "vacancies.responsability", "pk": 1, "fields": {"name": "Code high-volume software using primarily C++ and Java", "vacancy": 1}}, {"model": "vacancies.responsability", "pk": 2, "fields": {"name": "Create web applications using primarily PHP", "vacancy": 1}}, {"model": "vacancies.responsability", "pk": 3, "fields": {"name": "Implement web interfaces using XHTML, CSS, and JavaScript", "vacancy": 1}}, {"model": "vacancies.responsability", "pk": 4, "fields": {"name": "Build report interfaces and data feeds", "vacancy": 1}}, {"model": "vacancies.responsability", "pk": 5, "fields": {"name": "Work with artists and technical leadership to propose, plan, implement, and deploy new features", "vacancy": 2}}, {"model": "vacancies.responsability", "pk": 6, "fields": {"name": "Maintain and improve the software individually and collaboratively with a team of peer engineers", "vacancy": 2}}, {"model": "vacancies.responsability", "pk": 7, "fields": {"name": "Work directly with technical and non-technical simulation artists to support their use of Pixar's proprietary filmmaking software", "vacancy": 2}}, {"model": "vacancies.responsability", "pk": 8, "fields": {"name": "Identify, triage, debug, and resolve high-priority issues affecting production artists", "vacancy": 2}}, {"model": "vacancies.responsability", "pk": 9, "fields": {"name": "Work comfortably within a sophisticated, multi-layered technology pipeline", "vacancy": 2}}, {"model": "vacancies.field", "pk": 1, "fields": {"name": "Programming"}}, {"model": "vacancies.position", "pk": 1, "fields": {"name": "Software Engineer Intern"}}, {"model": "vacancies.position", "pk": 2, "fields": {"name": "Senior Software Engineer"}}, {"model": "sites.site", "pk": 1, "fields": {"domain": "example.com", "name": "example.com"}}]